{
  "global_local_dissociation_present": true,
  "identity_retention": {
    "image_hijack_rate": {
      "first_half_mean": 0.000239721922569819,
      "last_half_mean": 0.0011355248963833531,
      "mean": 0.0006997288550686608
    },
    "text_retention_rate": {
      "first_half_mean": 0.9996703823564663,
      "last_half_mean": 0.9969908590245842,
      "mean": 0.9982944109157703
    }
  },
  "mixture": {
    "matched_image_weight": {
      "first_half_mean": 0.9603783413267806,
      "last_half_mean": 0.9190678520577266,
      "mean": 0.9390971801881769
    },
    "prompt_weight": {
      "first_half_mean": 0.01620262954560487,
      "last_half_mean": 0.05862647350094685,
      "mean": 0.038057337037750744
    }
  },
  "mixture_layers": [
    0,
    1,
    2,
    3,
    4,
    5,
    6,
    7,
    8,
    9,
    10,
    11,
    12,
    13,
    14,
    15,
    16,
    17,
    18,
    19,
    20,
    21,
    22,
    23,
    24,
    25,
    26,
    27,
    28,
    29,
    30,
    31,
    32
  ],
  "model_id": "Qwen/Qwen3-VL-8B-Instruct",
  "num_concepts": 1854,
  "num_mixture_layers": 33,
  "num_retention_layers": 37,
  "retention_layers": [
    0,
    1,
    2,
    3,
    4,
    5,
    6,
    7,
    8,
    9,
    10,
    11,
    12,
    13,
    14,
    15,
    16,
    17,
    18,
    19,
    20,
    21,
    22,
    23,
    24,
    25,
    26,
    27,
    28,
    29,
    30,
    31,
    32,
    33,
    34,
    35,
    36
  ],
  "text_model_id": "Qwen/Qwen3.5-9B"
}